episode,score,avg_score
1,-0.004999999888241291,-0.004999999888241291
2,-0.004999999888241291,-0.004999999888241291
3,-0.004999999888241291,-0.004999999888241291
4,-0.004999999888241291,-0.004999999888241291
5,-0.004999999888241291,-0.004999999888241291
6,-0.004999999888241291,-0.004999999888241291
7,-0.004999999888241291,-0.004999999888241291
8,-0.004999999888241291,-0.004999999888241291
9,-0.004999999888241291,-0.004999999888241291
10,-0.004999999888241291,-0.004999999888241291
11,-0.004999999888241291,-0.004999999888241291
12,-0.004999999888241291,-0.004999999888241291
13,-0.004999999888241291,-0.004999999888241291
14,-0.004999999888241291,-0.004999999888241291
15,-0.004999999888241291,-0.004999999888241291
16,-0.004999999888241291,-0.004999999888241291
17,-0.004999999888241291,-0.004999999888241291
18,-0.004999999888241291,-0.004999999888241291
19,-0.004999999888241291,-0.004999999888241291
20,-0.004999999888241291,-0.004999999888241291
21,-0.004999999888241291,-0.004999999888241291
22,-0.004999999888241291,-0.004999999888241291
23,-0.004999999888241291,-0.004999999888241291
24,-0.004999999888241291,-0.004999999888241291
25,-0.004999999888241291,-0.004999999888241291
26,0.04500000085681677,-0.0030769229365082886
27,-0.004999999888241291,-0.0031481480087946962
28,-0.004999999888241291,-0.003214285575917789
29,-0.004999999888241291,-0.003275861931515151
30,-0.004999999888241291,-0.0033333331967393557
31,-0.004999999888241291,-0.0033870966384007086
32,-0.004999999888241291,-0.0034374998649582267
33,-0.004999999888241291,-0.003484848350512259
34,-0.004999999888241291,-0.003529411631033701
35,-0.004999999888241291,-0.0035714284383824894
36,-0.004999999888241291,-0.003611110978656345
37,-0.004999999888241291,-0.0036486485167532352
38,-0.004999999888241291,-0.0036842103949502893
39,-0.004999999888241291,-0.0037179485870859562
40,-0.004999999888241291,-0.0037499998696148397
41,-0.004999999888241291,-0.0037804876749471922
42,-0.004999999888241291,-0.003809523680025623
43,-0.004999999888241291,-0.003837209173239941
44,-0.004999999888241291,-0.003863636234944517
45,-0.004999999888241291,-0.003888888760573334
46,-0.004999999888241291,-0.003913043350305246
47,-0.004999999888241291,-0.003936170085154949
48,-0.004999999888241291,-0.003958333206052582
49,-0.004999999888241291,-0.003979591709770718
50,-0.004999999888241291,-0.00399999987334013
51,-0.004999999888241291,-0.004019607716769564
52,-0.004999999888241291,-0.00403846141237479
53,-0.004999999888241291,-0.0040566036477684975
54,-0.004999999888241291,-0.004074073948517993
55,-0.004999999888241291,-0.004090908965603872
56,-0.004999999888241291,-0.00410714273207954
57,-0.004999999888241291,-0.004122806892713956
58,-0.004999999888241291,-0.004137930909878221
59,-0.004999999888241291,-0.004152542248494544
60,-0.004999999888241291,-0.004166666542490324
61,-0.004999999888241291,-0.004180327744879683
62,-0.004999999888241291,-0.004193548263321
63,-0.004999999888241291,-0.004206349082764179
64,-0.004999999888241291,-0.004218749876599759
65,-0.004999999888241291,-0.00423076910754809
66,-0.004999999888241291,-0.004242424119376775
67,-0.004999999888241291,-0.004253731220404604
68,-0.004999999888241291,-0.004264705759637496
69,-0.004999999888241291,-0.004275362196283928
70,-0.004999999888241291,-0.00428571416331189
71,-0.004999999888241291,-0.004295774525634839
72,-0.004999999888241291,-0.004305555433448818
73,-0.004999999888241291,-0.004315068371185701
74,-0.004999999888241291,-0.004324324202497263
75,-0.004999999888241291,-0.004333333211640517
76,-0.004999999888241291,-0.00434210514159579
77,-0.004999999888241291,-0.004350649229214563
78,-0.004999999888241291,-0.004358974237663624
79,-0.004999999888241291,-0.004367088486405113
80,-0.004999999888241291,-0.004374999878928065
81,-0.004999999888241291,-0.00438271592842576
82,-0.004999999888241291,-0.004390243781594242
83,-0.004999999888241291,-0.004397590240710471
84,-0.004999999888241291,-0.004404761784133457
85,-0.004999999888241291,-0.004411764585358255
86,-0.004999999888241291,-0.004418604530740616
87,-0.004999999888241291,-0.004425287235999244
88,-0.004999999888241291,-0.004431818061592904
89,-0.004999999888241291,-0.004438202127060863
90,-0.004999999888241291,-0.004444444324407312
91,-0.004999999888241291,-0.00445054933060329
92,-0.004999999888241291,-0.004456521619273269
93,-0.004999999888241291,-0.004462365471627763
94,-0.004999999888241291,-0.0044680849866981205
95,-0.004999999888241291,-0.00447368409092489
96,-0.004999999888241291,-0.004479166547146936
97,-0.004999999888241291,-0.004484535963034507
98,-0.004999999888241291,-0.004489795799006005
99,-0.004999999888241291,-0.004494949375664947
100,-0.004999999888241291,-0.0044999998807907105
101,-0.004999999888241291,-0.0044999998807907105
102,-0.004999999888241291,-0.0044999998807907105
103,-0.004999999888241291,-0.0044999998807907105
104,-0.004999999888241291,-0.0044999998807907105
105,-0.004999999888241291,-0.0044999998807907105
106,-0.004999999888241291,-0.0044999998807907105
107,-0.004999999888241291,-0.0044999998807907105
108,-0.004999999888241291,-0.0044999998807907105
109,-0.004999999888241291,-0.0044999998807907105
110,-0.004999999888241291,-0.0044999998807907105
111,-0.004999999888241291,-0.0044999998807907105
112,-0.004999999888241291,-0.0044999998807907105
113,-0.004999999888241291,-0.0044999998807907105
114,-0.004999999888241291,-0.0044999998807907105
115,-0.004999999888241291,-0.0044999998807907105
116,-0.004999999888241291,-0.0044999998807907105
117,-0.004999999888241291,-0.0044999998807907105
118,-0.004999999888241291,-0.0044999998807907105
119,-0.004999999888241291,-0.0044999998807907105
120,-0.004999999888241291,-0.0044999998807907105
121,-0.004999999888241291,-0.0044999998807907105
122,-0.004999999888241291,-0.0044999998807907105
123,-0.004999999888241291,-0.0044999998807907105
124,-0.004999999888241291,-0.0044999998807907105
125,-0.004999999888241291,-0.0044999998807907105
126,-0.004999999888241291,-0.004999999888241291
127,-0.004999999888241291,-0.004999999888241291
128,-0.004999999888241291,-0.004999999888241291
129,-0.004999999888241291,-0.004999999888241291
130,-0.004999999888241291,-0.004999999888241291
131,-0.004999999888241291,-0.004999999888241291
132,-0.004999999888241291,-0.004999999888241291
133,-0.004999999888241291,-0.004999999888241291
134,-0.004999999888241291,-0.004999999888241291
135,-0.004999999888241291,-0.004999999888241291
136,-0.004999999888241291,-0.004999999888241291
137,-0.004999999888241291,-0.004999999888241291
138,-0.004999999888241291,-0.004999999888241291
139,-0.004999999888241291,-0.004999999888241291
140,-0.004999999888241291,-0.004999999888241291
141,-0.004999999888241291,-0.004999999888241291
142,-0.004999999888241291,-0.004999999888241291
143,-0.004999999888241291,-0.004999999888241291
144,-0.004999999888241291,-0.004999999888241291
145,-0.004999999888241291,-0.004999999888241291
146,-0.004999999888241291,-0.004999999888241291
147,-0.004999999888241291,-0.004999999888241291
148,-0.004999999888241291,-0.004999999888241291
149,-0.004999999888241291,-0.004999999888241291
150,-0.004999999888241291,-0.004999999888241291
151,-0.004999999888241291,-0.004999999888241291
152,-0.004999999888241291,-0.004999999888241291
153,-0.004999999888241291,-0.004999999888241291
154,-0.004999999888241291,-0.004999999888241291
155,-0.004999999888241291,-0.004999999888241291
156,-0.004999999888241291,-0.004999999888241291
157,-0.004999999888241291,-0.004999999888241291
158,-0.004999999888241291,-0.004999999888241291
159,-0.004999999888241291,-0.004999999888241291
160,-0.004999999888241291,-0.004999999888241291
161,-0.004999999888241291,-0.004999999888241291
162,-0.004999999888241291,-0.004999999888241291
163,-0.004999999888241291,-0.004999999888241291
164,-0.004999999888241291,-0.004999999888241291
165,-0.004999999888241291,-0.004999999888241291
166,-0.004999999888241291,-0.004999999888241291
167,-0.004999999888241291,-0.004999999888241291
168,-0.004999999888241291,-0.004999999888241291
169,0.04500000085681677,-0.0044999998807907105
170,-0.004999999888241291,-0.0044999998807907105
171,-0.004999999888241291,-0.0044999998807907105
172,-0.004999999888241291,-0.0044999998807907105
173,-0.004999999888241291,-0.0044999998807907105
174,-0.004999999888241291,-0.0044999998807907105
175,-0.004999999888241291,-0.0044999998807907105
176,-0.004999999888241291,-0.0044999998807907105
177,-0.004999999888241291,-0.0044999998807907105
178,0.04500000085681677,-0.00399999987334013
179,-0.004999999888241291,-0.00399999987334013
180,-0.004999999888241291,-0.00399999987334013
181,-0.004999999888241291,-0.00399999987334013
182,-0.004999999888241291,-0.00399999987334013
183,0.04500000085681677,-0.0034999998658895495
184,-0.004999999888241291,-0.0034999998658895495
185,-0.004999999888241291,-0.0034999998658895495
186,-0.004999999888241291,-0.0034999998658895495
187,-0.004999999888241291,-0.0034999998658895495
188,-0.004999999888241291,-0.0034999998658895495
189,-0.004999999888241291,-0.0034999998658895495
190,-0.004999999888241291,-0.0034999998658895495
191,-0.004999999888241291,-0.0034999998658895495
192,-0.004999999888241291,-0.0034999998658895495
193,-0.004999999888241291,-0.0034999998658895495
194,-0.004999999888241291,-0.0034999998658895495
195,-0.004999999888241291,-0.0034999998658895495
196,-0.004999999888241291,-0.0034999998658895495
197,-0.004999999888241291,-0.0034999998658895495
198,-0.004999999888241291,-0.0034999998658895495
199,-0.004999999888241291,-0.0034999998658895495
200,-0.004999999888241291,-0.0034999998658895495
201,-0.004999999888241291,-0.0034999998658895495
202,-0.004999999888241291,-0.0034999998658895495
203,-0.004999999888241291,-0.0034999998658895495
204,-0.004999999888241291,-0.0034999998658895495
205,-0.004999999888241291,-0.0034999998658895495
206,-0.004999999888241291,-0.0034999998658895495
207,0.04500000085681677,-0.0029999998584389685
208,-0.004999999888241291,-0.0029999998584389685
209,-0.004999999888241291,-0.0029999998584389685
210,-0.004999999888241291,-0.0029999998584389685
211,-0.004999999888241291,-0.0029999998584389685
212,-0.004999999888241291,-0.0029999998584389685
213,-0.004999999888241291,-0.0029999998584389685
214,-0.004999999888241291,-0.0029999998584389685
215,-0.004999999888241291,-0.0029999998584389685
216,-0.004999999888241291,-0.0029999998584389685
217,-0.004999999888241291,-0.0029999998584389685
218,-0.004999999888241291,-0.0029999998584389685
219,-0.004999999888241291,-0.0029999998584389685
220,-0.004999999888241291,-0.0029999998584389685
221,-0.004999999888241291,-0.0029999998584389685
222,-0.004999999888241291,-0.0029999998584389685
223,-0.004999999888241291,-0.0029999998584389685
224,-0.004999999888241291,-0.0029999998584389685
225,-0.004999999888241291,-0.0029999998584389685
226,-0.004999999888241291,-0.0029999998584389685
227,-0.004999999888241291,-0.0029999998584389685
228,-0.004999999888241291,-0.0029999998584389685
229,-0.004999999888241291,-0.0029999998584389685
230,-0.004999999888241291,-0.0029999998584389685
231,-0.004999999888241291,-0.0029999998584389685
232,-0.004999999888241291,-0.0029999998584389685
233,-0.004999999888241291,-0.0029999998584389685
234,-0.004999999888241291,-0.0029999998584389685
235,-0.004999999888241291,-0.0029999998584389685
236,-0.004999999888241291,-0.0029999998584389685
237,-0.004999999888241291,-0.0029999998584389685
238,-0.009999999776482582,-0.0030499998573213817
239,-0.004999999888241291,-0.0030499998573213817
240,-0.004999999888241291,-0.0030499998573213817
241,-0.004999999888241291,-0.0030499998573213817
242,-0.004999999888241291,-0.0030499998573213817
243,-0.004999999888241291,-0.0030499998573213817
244,-0.004999999888241291,-0.0030499998573213817
245,-0.004999999888241291,-0.0030499998573213817
246,-0.004999999888241291,-0.0030499998573213817
247,-0.004999999888241291,-0.0030499998573213817
248,-0.004999999888241291,-0.0030499998573213817
249,-0.004999999888241291,-0.0030499998573213817
250,-0.004999999888241291,-0.0030499998573213817
251,-0.004999999888241291,-0.0030499998573213817
252,-0.004999999888241291,-0.0030499998573213817
253,-0.004999999888241291,-0.0030499998573213817
254,-0.004999999888241291,-0.0030499998573213817
255,-0.004999999888241291,-0.0030499998573213817
256,-0.004999999888241291,-0.0030499998573213817
257,-0.004999999888241291,-0.0030499998573213817
258,-0.004999999888241291,-0.0030499998573213817
259,-0.004999999888241291,-0.0030499998573213817
260,-0.004999999888241291,-0.0030499998573213817
261,-0.004999999888241291,-0.0030499998573213817
262,-0.004999999888241291,-0.0030499998573213817
263,-0.004999999888241291,-0.0030499998573213817
264,-0.004999999888241291,-0.0030499998573213817
265,-0.004999999888241291,-0.0030499998573213817
266,-0.004999999888241291,-0.0030499998573213817
267,-0.004999999888241291,-0.0030499998573213817
268,-0.004999999888241291,-0.0030499998573213817
269,-0.004999999888241291,-0.0035499998647719622
270,-0.004999999888241291,-0.0035499998647719622
271,-0.004999999888241291,-0.0035499998647719622
272,-0.004999999888241291,-0.0035499998647719622
273,-0.004999999888241291,-0.0035499998647719622
274,-0.004999999888241291,-0.0035499998647719622
275,-0.004999999888241291,-0.0035499998647719622
276,-0.004999999888241291,-0.0035499998647719622
277,-0.004999999888241291,-0.0035499998647719622
278,-0.004999999888241291,-0.004049999872222543
279,-0.004999999888241291,-0.004049999872222543
280,-0.004999999888241291,-0.004049999872222543
281,-0.004999999888241291,-0.004049999872222543
282,-0.004999999888241291,-0.004049999872222543
283,-0.004999999888241291,-0.004549999879673123
284,-0.004999999888241291,-0.004549999879673123
285,-0.004999999888241291,-0.004549999879673123
286,-0.004999999888241291,-0.004549999879673123
287,-0.004999999888241291,-0.004549999879673123
288,-0.004999999888241291,-0.004549999879673123
289,-0.004999999888241291,-0.004549999879673123
290,-0.004999999888241291,-0.004549999879673123
291,-0.004999999888241291,-0.004549999879673123
292,-0.004999999888241291,-0.004549999879673123
293,-0.004999999888241291,-0.004549999879673123
294,-0.004999999888241291,-0.004549999879673123
295,-0.004999999888241291,-0.004549999879673123
296,-0.004999999888241291,-0.004549999879673123
297,-0.004999999888241291,-0.004549999879673123
298,-0.004999999888241291,-0.004549999879673123
299,-0.004999999888241291,-0.004549999879673123
300,-0.004999999888241291,-0.004549999879673123
301,-0.004999999888241291,-0.004549999879673123
302,-0.004999999888241291,-0.004549999879673123
303,-0.004999999888241291,-0.004549999879673123
304,-0.004999999888241291,-0.004549999879673123
305,-0.004999999888241291,-0.004549999879673123
306,-0.004999999888241291,-0.004549999879673123
307,-0.004999999888241291,-0.005049999887123704
308,-0.004999999888241291,-0.005049999887123704
309,-0.004999999888241291,-0.005049999887123704
310,-0.004999999888241291,-0.005049999887123704
311,-0.004999999888241291,-0.005049999887123704
312,-0.004999999888241291,-0.005049999887123704
313,-0.004999999888241291,-0.005049999887123704
314,-0.004999999888241291,-0.005049999887123704
315,-0.004999999888241291,-0.005049999887123704
316,-0.004999999888241291,-0.005049999887123704
317,-0.004999999888241291,-0.005049999887123704
318,-0.004999999888241291,-0.005049999887123704
319,-0.004999999888241291,-0.005049999887123704
320,-0.004999999888241291,-0.005049999887123704
321,-0.004999999888241291,-0.005049999887123704
322,-0.004999999888241291,-0.005049999887123704
323,-0.004999999888241291,-0.005049999887123704
324,-0.004999999888241291,-0.005049999887123704
325,-0.004999999888241291,-0.005049999887123704
326,-0.004999999888241291,-0.005049999887123704
327,-0.004999999888241291,-0.005049999887123704
328,-0.004999999888241291,-0.005049999887123704
329,-0.004999999888241291,-0.005049999887123704
330,-0.004999999888241291,-0.005049999887123704
331,-0.004999999888241291,-0.005049999887123704
332,-0.004999999888241291,-0.005049999887123704
333,-0.004999999888241291,-0.005049999887123704
334,-0.004999999888241291,-0.005049999887123704
335,-0.004999999888241291,-0.005049999887123704
336,-0.004999999888241291,-0.005049999887123704
337,-0.004999999888241291,-0.005049999887123704
338,-0.004999999888241291,-0.004999999888241291
339,-0.004999999888241291,-0.004999999888241291
340,-0.004999999888241291,-0.004999999888241291
341,-0.004999999888241291,-0.004999999888241291
342,-0.004999999888241291,-0.004999999888241291
343,-0.004999999888241291,-0.004999999888241291
344,-0.004999999888241291,-0.004999999888241291
345,-0.004999999888241291,-0.004999999888241291
346,-0.004999999888241291,-0.004999999888241291
347,-0.004999999888241291,-0.004999999888241291
348,-0.004999999888241291,-0.004999999888241291
349,-0.004999999888241291,-0.004999999888241291
350,-0.004999999888241291,-0.004999999888241291
351,-0.004999999888241291,-0.004999999888241291
352,-0.004999999888241291,-0.004999999888241291
353,-0.004999999888241291,-0.004999999888241291
354,-0.004999999888241291,-0.004999999888241291
355,-0.004999999888241291,-0.004999999888241291
356,-0.004999999888241291,-0.004999999888241291
357,-0.004999999888241291,-0.004999999888241291
358,-0.004999999888241291,-0.004999999888241291
359,-0.004999999888241291,-0.004999999888241291
360,-0.004999999888241291,-0.004999999888241291
361,-0.004999999888241291,-0.004999999888241291
362,-0.004999999888241291,-0.004999999888241291
363,-0.004999999888241291,-0.004999999888241291
364,-0.004999999888241291,-0.004999999888241291
365,-0.004999999888241291,-0.004999999888241291
366,-0.004999999888241291,-0.004999999888241291
367,-0.004999999888241291,-0.004999999888241291
368,-0.004999999888241291,-0.004999999888241291
369,-0.004999999888241291,-0.004999999888241291
370,-0.004999999888241291,-0.004999999888241291
371,-0.004999999888241291,-0.004999999888241291
372,-0.004999999888241291,-0.004999999888241291
373,-0.004999999888241291,-0.004999999888241291
374,-0.004999999888241291,-0.004999999888241291
375,-0.004999999888241291,-0.004999999888241291
376,0.04500000085681677,-0.0044999998807907105
377,-0.004999999888241291,-0.0044999998807907105
378,-0.004999999888241291,-0.0044999998807907105
379,-0.004999999888241291,-0.0044999998807907105
380,-0.004999999888241291,-0.0044999998807907105
381,-0.004999999888241291,-0.0044999998807907105
382,-0.004999999888241291,-0.0044999998807907105
383,-0.004999999888241291,-0.0044999998807907105
384,-0.004999999888241291,-0.0044999998807907105
385,-0.004999999888241291,-0.0044999998807907105
386,-0.004999999888241291,-0.0044999998807907105
387,-0.004999999888241291,-0.0044999998807907105
388,-0.004999999888241291,-0.0044999998807907105
389,-0.004999999888241291,-0.0044999998807907105
390,-0.004999999888241291,-0.0044999998807907105
391,-0.004999999888241291,-0.0044999998807907105
392,-0.004999999888241291,-0.0044999998807907105
393,-0.004999999888241291,-0.0044999998807907105
394,-0.004999999888241291,-0.0044999998807907105
395,-0.004999999888241291,-0.0044999998807907105
396,-0.004999999888241291,-0.0044999998807907105
397,-0.004999999888241291,-0.0044999998807907105
398,-0.004999999888241291,-0.0044999998807907105
399,-0.004999999888241291,-0.0044999998807907105
400,-0.004999999888241291,-0.0044999998807907105
401,-0.004999999888241291,-0.0044999998807907105
402,-0.004999999888241291,-0.0044999998807907105
403,-0.004999999888241291,-0.0044999998807907105
404,-0.004999999888241291,-0.0044999998807907105
405,-0.004999999888241291,-0.0044999998807907105
406,-0.004999999888241291,-0.0044999998807907105
407,-0.004999999888241291,-0.0044999998807907105
408,-0.004999999888241291,-0.0044999998807907105
409,-0.004999999888241291,-0.0044999998807907105
410,-0.004999999888241291,-0.0044999998807907105
411,-0.004999999888241291,-0.0044999998807907105
412,-0.004999999888241291,-0.0044999998807907105
413,-0.004999999888241291,-0.0044999998807907105
414,-0.004999999888241291,-0.0044999998807907105
415,-0.004999999888241291,-0.0044999998807907105
416,-0.004999999888241291,-0.0044999998807907105
417,-0.004999999888241291,-0.0044999998807907105
418,-0.004999999888241291,-0.0044999998807907105
419,0.04500000085681677,-0.00399999987334013
420,-0.004999999888241291,-0.00399999987334013
421,-0.004999999888241291,-0.00399999987334013
422,-0.004999999888241291,-0.00399999987334013
423,-0.004999999888241291,-0.00399999987334013
424,-0.004999999888241291,-0.00399999987334013
425,-0.004999999888241291,-0.00399999987334013
426,-0.004999999888241291,-0.00399999987334013
427,-0.004999999888241291,-0.00399999987334013
428,-0.004999999888241291,-0.00399999987334013
429,-0.004999999888241291,-0.00399999987334013
430,-0.004999999888241291,-0.00399999987334013
431,-0.004999999888241291,-0.00399999987334013
432,-0.004999999888241291,-0.00399999987334013
433,-0.004999999888241291,-0.00399999987334013
434,-0.004999999888241291,-0.00399999987334013
435,-0.004999999888241291,-0.00399999987334013
436,-0.004999999888241291,-0.00399999987334013
437,-0.004999999888241291,-0.00399999987334013
438,-0.004999999888241291,-0.00399999987334013
439,-0.004999999888241291,-0.00399999987334013
440,-0.004999999888241291,-0.00399999987334013
441,-0.004999999888241291,-0.00399999987334013
442,-0.004999999888241291,-0.00399999987334013
443,-0.004999999888241291,-0.00399999987334013
444,-0.004999999888241291,-0.00399999987334013
445,-0.004999999888241291,-0.00399999987334013
446,-0.004999999888241291,-0.00399999987334013
447,-0.004999999888241291,-0.00399999987334013
448,-0.004999999888241291,-0.00399999987334013
449,-0.004999999888241291,-0.00399999987334013
450,-0.004999999888241291,-0.00399999987334013
451,-0.004999999888241291,-0.00399999987334013
452,-0.004999999888241291,-0.00399999987334013
453,-0.004999999888241291,-0.00399999987334013
454,-0.004999999888241291,-0.00399999987334013
455,-0.004999999888241291,-0.00399999987334013
456,-0.004999999888241291,-0.00399999987334013
457,-0.004999999888241291,-0.00399999987334013
458,-0.004999999888241291,-0.00399999987334013
459,-0.004999999888241291,-0.00399999987334013
460,-0.004999999888241291,-0.00399999987334013
461,-0.004999999888241291,-0.00399999987334013
462,-0.004999999888241291,-0.00399999987334013
463,-0.004999999888241291,-0.00399999987334013
464,-0.004999999888241291,-0.00399999987334013
465,-0.004999999888241291,-0.00399999987334013
466,-0.004999999888241291,-0.00399999987334013
467,-0.004999999888241291,-0.00399999987334013
468,-0.004999999888241291,-0.00399999987334013
469,-0.004999999888241291,-0.00399999987334013
470,-0.004999999888241291,-0.00399999987334013
471,-0.004999999888241291,-0.00399999987334013
472,-0.004999999888241291,-0.00399999987334013
473,-0.004999999888241291,-0.00399999987334013
474,-0.004999999888241291,-0.00399999987334013
475,-0.004999999888241291,-0.00399999987334013
476,-0.004999999888241291,-0.0044999998807907105
477,-0.004999999888241291,-0.0044999998807907105
478,-0.004999999888241291,-0.0044999998807907105
479,-0.004999999888241291,-0.0044999998807907105
480,-0.004999999888241291,-0.0044999998807907105
481,-0.004999999888241291,-0.0044999998807907105
482,-0.004999999888241291,-0.0044999998807907105
483,-0.004999999888241291,-0.0044999998807907105
484,-0.004999999888241291,-0.0044999998807907105
485,-0.004999999888241291,-0.0044999998807907105
486,-0.004999999888241291,-0.0044999998807907105
487,-0.004999999888241291,-0.0044999998807907105
488,-0.004999999888241291,-0.0044999998807907105
489,-0.004999999888241291,-0.0044999998807907105
490,-0.004999999888241291,-0.0044999998807907105
491,-0.004999999888241291,-0.0044999998807907105
492,-0.004999999888241291,-0.0044999998807907105
493,-0.004999999888241291,-0.0044999998807907105
494,-0.004999999888241291,-0.0044999998807907105
495,-0.004999999888241291,-0.0044999998807907105
496,-0.004999999888241291,-0.0044999998807907105
497,-0.004999999888241291,-0.0044999998807907105
498,-0.004999999888241291,-0.0044999998807907105
499,-0.004999999888241291,-0.0044999998807907105
500,-0.004999999888241291,-0.0044999998807907105
501,-0.004999999888241291,-0.0044999998807907105
502,-0.004999999888241291,-0.0044999998807907105
503,-0.004999999888241291,-0.0044999998807907105
504,-0.004999999888241291,-0.0044999998807907105
505,-0.004999999888241291,-0.0044999998807907105
506,-0.004999999888241291,-0.0044999998807907105
507,-0.004999999888241291,-0.0044999998807907105
508,-0.004999999888241291,-0.0044999998807907105
509,-0.004999999888241291,-0.0044999998807907105
510,-0.004999999888241291,-0.0044999998807907105
511,0.04500000085681677,-0.00399999987334013
512,-0.004999999888241291,-0.00399999987334013
513,-0.004999999888241291,-0.00399999987334013
514,0.04500000085681677,-0.0034999998658895495
515,-0.004999999888241291,-0.0034999998658895495
516,-0.004999999888241291,-0.0034999998658895495
517,-0.004999999888241291,-0.0034999998658895495
518,0.04500000085681677,-0.0029999998584389685
519,0.04500000085681677,-0.0029999998584389685
520,0.04500000085681677,-0.002499999850988388
521,-0.004999999888241291,-0.002499999850988388
522,-0.004999999888241291,-0.002499999850988388
523,-0.009999999776482582,-0.002549999849870801
524,-0.004999999888241291,-0.002549999849870801
525,-0.004999999888241291,-0.002549999849870801
526,-0.004999999888241291,-0.002549999849870801
527,0.04500000085681677,-0.0020499998424202202
528,-0.004999999888241291,-0.0020499998424202202
529,-0.004999999888241291,-0.0020499998424202202
530,-0.004999999888241291,-0.0020499998424202202
531,-0.004999999888241291,-0.0020499998424202202
532,-0.004999999888241291,-0.0020499998424202202
533,-0.004999999888241291,-0.0020499998424202202
534,-0.004999999888241291,-0.0020499998424202202
535,0.04500000085681677,-0.0015499998349696397
536,-0.004999999888241291,-0.0015499998349696397
537,-0.004999999888241291,-0.0015499998349696397
538,-0.004999999888241291,-0.0015499998349696397
539,-0.004999999888241291,-0.0015499998349696397
540,-0.004999999888241291,-0.0015499998349696397
541,-0.004999999888241291,-0.0015499998349696397
542,-0.004999999888241291,-0.0015499998349696397
543,-0.004999999888241291,-0.0015499998349696397
544,-0.004999999888241291,-0.0015499998349696397
545,-0.004999999888241291,-0.0015499998349696397
546,-0.004999999888241291,-0.0015499998349696397
547,0.1450000023469329,-4.999981261789799e-05
548,0.04500000085681677,0.00045000019483268264
549,-0.004999999888241291,0.00045000019483268264
550,-0.004999999888241291,0.00045000019483268264
551,-0.004999999888241291,0.00045000019483268264
552,-0.004999999888241291,0.00045000019483268264
553,-0.004999999888241291,0.00045000019483268264
554,-0.004999999888241291,0.00045000019483268264
555,-0.004999999888241291,0.00045000019483268264
556,-0.004999999888241291,0.00045000019483268264
557,-0.004999999888241291,0.00045000019483268264
558,-0.004999999888241291,0.00045000019483268264
559,-0.004999999888241291,0.00045000019483268264
560,-0.004999999888241291,0.00045000019483268264
561,-0.004999999888241291,0.00045000019483268264
562,-0.004999999888241291,0.00045000019483268264
563,-0.004999999888241291,0.00045000019483268264
564,-0.004999999888241291,0.00045000019483268264
565,-0.004999999888241291,0.00045000019483268264
566,-0.004999999888241291,0.00045000019483268264
567,-0.004999999888241291,0.00045000019483268264
568,-0.004999999888241291,0.00045000019483268264
569,-0.004999999888241291,0.00045000019483268264
570,-0.004999999888241291,0.00045000019483268264
571,-0.004999999888241291,0.00045000019483268264
572,-0.004999999888241291,0.00045000019483268264
573,-0.004999999888241291,0.00045000019483268264
574,-0.004999999888241291,0.00045000019483268264
575,-0.004999999888241291,0.00045000019483268264
576,-0.004999999888241291,0.00045000019483268264
577,-0.004999999888241291,0.00045000019483268264
578,-0.004999999888241291,0.00045000019483268264
579,-0.004999999888241291,0.00045000019483268264
580,-0.004999999888241291,0.00045000019483268264
581,-0.004999999888241291,0.00045000019483268264
582,-0.004999999888241291,0.00045000019483268264
583,-0.004999999888241291,0.00045000019483268264
584,-0.004999999888241291,0.00045000019483268264
585,-0.004999999888241291,0.00045000019483268264
586,-0.004999999888241291,0.00045000019483268264
587,-0.004999999888241291,0.00045000019483268264
588,-0.004999999888241291,0.00045000019483268264
589,-0.004999999888241291,0.00045000019483268264
590,-0.004999999888241291,0.00045000019483268264
591,-0.004999999888241291,0.00045000019483268264
592,-0.004999999888241291,0.00045000019483268264
593,-0.004999999888241291,0.00045000019483268264
594,-0.004999999888241291,0.00045000019483268264
595,-0.004999999888241291,0.00045000019483268264
596,-0.004999999888241291,0.00045000019483268264
597,-0.004999999888241291,0.00045000019483268264
598,-0.004999999888241291,0.00045000019483268264
599,-0.004999999888241291,0.00045000019483268264
600,-0.004999999888241291,0.00045000019483268264
601,-0.004999999888241291,0.00045000019483268264
602,-0.004999999888241291,0.00045000019483268264
603,-0.004999999888241291,0.00045000019483268264
604,-0.004999999888241291,0.00045000019483268264
605,-0.004999999888241291,0.00045000019483268264
606,-0.004999999888241291,0.00045000019483268264
607,-0.004999999888241291,0.00045000019483268264
608,-0.004999999888241291,0.00045000019483268264
609,-0.004999999888241291,0.00045000019483268264
610,-0.004999999888241291,0.00045000019483268264
611,-0.004999999888241291,-4.999981261789799e-05
612,-0.004999999888241291,-4.999981261789799e-05
613,-0.004999999888241291,-4.999981261789799e-05
614,-0.004999999888241291,-0.0005499998200684786
615,-0.004999999888241291,-0.0005499998200684786
616,-0.004999999888241291,-0.0005499998200684786
617,-0.004999999888241291,-0.0005499998200684786
618,-0.004999999888241291,-0.0010499998275190592
619,-0.004999999888241291,-0.0015499998349696397
620,-0.004999999888241291,-0.0020499998424202202
621,-0.004999999888241291,-0.0020499998424202202
622,-0.004999999888241291,-0.0020499998424202202
623,-0.004999999888241291,-0.0019999998435378074
624,-0.004999999888241291,-0.0019999998435378074
625,-0.004999999888241291,-0.0019999998435378074
626,-0.004999999888241291,-0.0019999998435378074
627,-0.004999999888241291,-0.002499999850988388
628,-0.004999999888241291,-0.002499999850988388
629,-0.004999999888241291,-0.002499999850988388
630,-0.004999999888241291,-0.002499999850988388
631,-0.004999999888241291,-0.002499999850988388
632,-0.004999999888241291,-0.002499999850988388
633,-0.004999999888241291,-0.002499999850988388
634,-0.004999999888241291,-0.002499999850988388
635,-0.004999999888241291,-0.0029999998584389685
636,-0.004999999888241291,-0.0029999998584389685
637,-0.004999999888241291,-0.0029999998584389685
638,-0.004999999888241291,-0.0029999998584389685
639,-0.004999999888241291,-0.0029999998584389685
640,-0.004999999888241291,-0.0029999998584389685
641,-0.004999999888241291,-0.0029999998584389685
642,-0.004999999888241291,-0.0029999998584389685
643,-0.004999999888241291,-0.0029999998584389685
644,-0.004999999888241291,-0.0029999998584389685
645,-0.004999999888241291,-0.0029999998584389685
646,-0.004999999888241291,-0.0029999998584389685
647,-0.004999999888241291,-0.0044999998807907105
648,-0.004999999888241291,-0.004999999888241291
649,-0.004999999888241291,-0.004999999888241291
650,-0.004999999888241291,-0.004999999888241291
651,-0.004999999888241291,-0.004999999888241291
652,-0.004999999888241291,-0.004999999888241291
653,-0.004999999888241291,-0.004999999888241291
654,-0.004999999888241291,-0.004999999888241291
655,-0.004999999888241291,-0.004999999888241291
656,-0.004999999888241291,-0.004999999888241291
657,-0.004999999888241291,-0.004999999888241291
658,-0.004999999888241291,-0.004999999888241291
659,-0.004999999888241291,-0.004999999888241291
660,-0.004999999888241291,-0.004999999888241291
661,-0.004999999888241291,-0.004999999888241291
662,-0.004999999888241291,-0.004999999888241291
663,-0.004999999888241291,-0.004999999888241291
664,-0.004999999888241291,-0.004999999888241291
665,-0.004999999888241291,-0.004999999888241291
666,-0.004999999888241291,-0.004999999888241291
667,-0.004999999888241291,-0.004999999888241291
668,-0.004999999888241291,-0.004999999888241291
669,-0.004999999888241291,-0.004999999888241291
670,-0.004999999888241291,-0.004999999888241291
671,-0.004999999888241291,-0.004999999888241291
672,-0.004999999888241291,-0.004999999888241291
673,-0.004999999888241291,-0.004999999888241291
674,-0.004999999888241291,-0.004999999888241291
675,-0.004999999888241291,-0.004999999888241291
676,-0.004999999888241291,-0.004999999888241291
677,-0.004999999888241291,-0.004999999888241291
678,-0.004999999888241291,-0.004999999888241291
679,-0.004999999888241291,-0.004999999888241291
680,-0.004999999888241291,-0.004999999888241291
681,-0.004999999888241291,-0.004999999888241291
682,-0.004999999888241291,-0.004999999888241291
683,-0.004999999888241291,-0.004999999888241291
684,-0.004999999888241291,-0.004999999888241291
685,-0.004999999888241291,-0.004999999888241291
686,-0.004999999888241291,-0.004999999888241291
687,-0.004999999888241291,-0.004999999888241291
688,-0.004999999888241291,-0.004999999888241291
689,-0.004999999888241291,-0.004999999888241291
690,-0.004999999888241291,-0.004999999888241291
691,-0.004999999888241291,-0.004999999888241291
692,-0.004999999888241291,-0.004999999888241291
693,-0.004999999888241291,-0.004999999888241291
694,-0.004999999888241291,-0.004999999888241291
695,-0.004999999888241291,-0.004999999888241291
696,-0.004999999888241291,-0.004999999888241291
697,-0.004999999888241291,-0.004999999888241291
698,-0.004999999888241291,-0.004999999888241291
699,-0.004999999888241291,-0.004999999888241291
700,-0.004999999888241291,-0.004999999888241291
701,-0.004999999888241291,-0.004999999888241291
702,-0.004999999888241291,-0.004999999888241291
703,-0.004999999888241291,-0.004999999888241291
704,-0.004999999888241291,-0.004999999888241291
705,-0.004999999888241291,-0.004999999888241291
706,-0.004999999888241291,-0.004999999888241291
707,0.04500000085681677,-0.0044999998807907105
708,-0.004999999888241291,-0.0044999998807907105
709,-0.004999999888241291,-0.0044999998807907105
710,0.04500000085681677,-0.00399999987334013
711,-0.004999999888241291,-0.00399999987334013
712,-0.004999999888241291,-0.00399999987334013
713,-0.004999999888241291,-0.00399999987334013
714,-0.004999999888241291,-0.00399999987334013
715,0.04500000085681677,-0.0034999998658895495
716,-0.004999999888241291,-0.0034999998658895495
717,-0.004999999888241291,-0.0034999998658895495
718,-0.004999999888241291,-0.0034999998658895495
719,-0.004999999888241291,-0.0034999998658895495
720,-0.004999999888241291,-0.0034999998658895495
721,-0.004999999888241291,-0.0034999998658895495
722,0.04500000085681677,-0.0029999998584389685
723,-0.004999999888241291,-0.0029999998584389685
724,-0.004999999888241291,-0.0029999998584389685
725,-0.004999999888241291,-0.0029999998584389685
726,-0.004999999888241291,-0.0029999998584389685
727,-0.004999999888241291,-0.0029999998584389685
728,-0.004999999888241291,-0.0029999998584389685
729,-0.004999999888241291,-0.0029999998584389685
730,-0.004999999888241291,-0.0029999998584389685
731,-0.004999999888241291,-0.0029999998584389685
732,-0.004999999888241291,-0.0029999998584389685
733,-0.004999999888241291,-0.0029999998584389685
734,-0.004999999888241291,-0.0029999998584389685
735,-0.004999999888241291,-0.0029999998584389685
736,-0.004999999888241291,-0.0029999998584389685
737,-0.004999999888241291,-0.0029999998584389685
738,-0.004999999888241291,-0.0029999998584389685
739,-0.004999999888241291,-0.0029999998584389685
740,-0.004999999888241291,-0.0029999998584389685
741,-0.004999999888241291,-0.0029999998584389685
742,-0.004999999888241291,-0.0029999998584389685
743,-0.004999999888241291,-0.0029999998584389685
744,-0.004999999888241291,-0.0029999998584389685
745,-0.004999999888241291,-0.0029999998584389685
746,-0.004999999888241291,-0.0029999998584389685
747,-0.004999999888241291,-0.0029999998584389685
748,0.04500000085681677,-0.002499999850988388
749,-0.004999999888241291,-0.002499999850988388
750,-0.004999999888241291,-0.002499999850988388
751,-0.004999999888241291,-0.002499999850988388
752,-0.004999999888241291,-0.002499999850988388
753,-0.004999999888241291,-0.002499999850988388
754,-0.004999999888241291,-0.002499999850988388
755,-0.004999999888241291,-0.002499999850988388
756,-0.004999999888241291,-0.002499999850988388
757,-0.004999999888241291,-0.002499999850988388
758,-0.004999999888241291,-0.002499999850988388
759,-0.004999999888241291,-0.002499999850988388
760,-0.004999999888241291,-0.002499999850988388
761,0.04500000085681677,-0.0019999998435378074
762,-0.004999999888241291,-0.0019999998435378074
763,-0.004999999888241291,-0.0019999998435378074
764,-0.004999999888241291,-0.0019999998435378074
765,-0.004999999888241291,-0.0019999998435378074
766,-0.004999999888241291,-0.0019999998435378074
767,-0.004999999888241291,-0.0019999998435378074
768,-0.004999999888241291,-0.0019999998435378074
769,-0.004999999888241291,-0.0019999998435378074
770,-0.004999999888241291,-0.0019999998435378074
771,-0.004999999888241291,-0.0019999998435378074
772,-0.004999999888241291,-0.0019999998435378074
773,-0.004999999888241291,-0.0019999998435378074
774,-0.004999999888241291,-0.0019999998435378074
775,-0.004999999888241291,-0.0019999998435378074
776,-0.004999999888241291,-0.0019999998435378074
777,-0.004999999888241291,-0.0019999998435378074
778,-0.004999999888241291,-0.0019999998435378074
779,-0.004999999888241291,-0.0019999998435378074
780,-0.004999999888241291,-0.0019999998435378074
781,-0.004999999888241291,-0.0019999998435378074
782,-0.004999999888241291,-0.0019999998435378074
783,-0.004999999888241291,-0.0019999998435378074
784,-0.004999999888241291,-0.0019999998435378074
785,-0.004999999888241291,-0.0019999998435378074
786,-0.004999999888241291,-0.0019999998435378074
787,-0.004999999888241291,-0.0019999998435378074
788,-0.004999999888241291,-0.0019999998435378074
789,-0.004999999888241291,-0.0019999998435378074
790,-0.004999999888241291,-0.0019999998435378074
791,-0.004999999888241291,-0.0019999998435378074
792,-0.004999999888241291,-0.0019999998435378074
793,-0.004999999888241291,-0.0019999998435378074
794,-0.004999999888241291,-0.0019999998435378074
795,-0.004999999888241291,-0.0019999998435378074
796,-0.004999999888241291,-0.0019999998435378074
797,-0.004999999888241291,-0.0019999998435378074
798,-0.004999999888241291,-0.0019999998435378074
799,-0.004999999888241291,-0.0019999998435378074
800,-0.004999999888241291,-0.0019999998435378074
801,-0.004999999888241291,-0.0019999998435378074
802,-0.004999999888241291,-0.0019999998435378074
803,-0.004999999888241291,-0.0019999998435378074
804,-0.004999999888241291,-0.0019999998435378074
805,-0.004999999888241291,-0.0019999998435378074
806,-0.004999999888241291,-0.0019999998435378074
807,-0.004999999888241291,-0.002499999850988388
808,-0.004999999888241291,-0.002499999850988388
809,-0.004999999888241291,-0.002499999850988388
810,-0.004999999888241291,-0.0029999998584389685
811,-0.004999999888241291,-0.0029999998584389685
812,-0.004999999888241291,-0.0029999998584389685
813,-0.004999999888241291,-0.0029999998584389685
814,-0.004999999888241291,-0.0029999998584389685
815,-0.004999999888241291,-0.0034999998658895495
816,-0.004999999888241291,-0.0034999998658895495
817,-0.004999999888241291,-0.0034999998658895495
818,-0.004999999888241291,-0.0034999998658895495
819,-0.004999999888241291,-0.0034999998658895495
820,-0.004999999888241291,-0.0034999998658895495
821,-0.004999999888241291,-0.0034999998658895495
822,0.04500000085681677,-0.0034999998658895495
823,-0.004999999888241291,-0.0034999998658895495
824,0.04500000085681677,-0.0029999998584389685
825,0.04500000085681677,-0.002499999850988388
826,0.04500000085681677,-0.0019999998435378074
827,-0.004999999888241291,-0.0019999998435378074
828,0.04500000085681677,-0.001499999836087227
829,0.04500000085681677,-0.0009999998286366462
830,0.04500000085681677,-0.0004999998211860656
831,0.04500000085681677,1.8626451492309571e-10
832,0.04500000085681677,0.0005000001937150955
833,0.04500000085681677,0.0010000002011656762
834,0.04500000085681677,0.0015000002086162567
835,-0.004999999888241291,0.0015000002086162567
836,-0.004999999888241291,0.0015000002086162567
837,-0.004999999888241291,0.0015000002086162567
838,0.04500000085681677,0.002000000216066837
839,0.04500000085681677,0.0025000002235174177
840,0.04500000085681677,0.0030000002309679987
841,-0.004999999888241291,0.0030000002309679987
842,0.04500000085681677,0.0035000002384185792
843,0.04500000085681677,0.004000000245869159
844,-0.004999999888241291,0.004000000245869159
845,0.04500000085681677,0.004500000253319741
846,-0.004999999888241291,0.004500000253319741
847,-0.004999999888241291,0.004500000253319741
848,-0.004999999888241291,0.004000000245869159
849,0.04500000085681677,0.004500000253319741
850,-0.004999999888241291,0.004500000253319741
851,-0.004999999888241291,0.004500000253319741
852,-0.004999999888241291,0.004500000253319741
853,-0.004999999888241291,0.004500000253319741
854,-0.004999999888241291,0.004500000253319741
855,-0.004999999888241291,0.004500000253319741
856,-0.004999999888241291,0.004500000253319741
857,-0.004999999888241291,0.004500000253319741
858,-0.004999999888241291,0.004500000253319741
859,0.04500000085681677,0.005000000260770321
860,-0.004999999888241291,0.005000000260770321
861,-0.004999999888241291,0.004500000253319741
862,0.04500000085681677,0.005000000260770321
863,-0.004999999888241291,0.005000000260770321
864,0.04500000085681677,0.005500000268220902
865,0.04500000085681677,0.006000000275671482
866,0.04500000085681677,0.006500000283122063
867,0.04500000085681677,0.007000000290572643
868,0.04500000085681677,0.007500000298023224
869,-0.004999999888241291,0.007500000298023224
870,0.04500000085681677,0.008000000305473804
871,0.04500000085681677,0.008500000312924385
872,0.04500000085681677,0.009000000320374965
873,0.04500000085681677,0.009500000327825546
874,0.04500000085681677,0.010000000335276127
875,0.04500000085681677,0.010500000342726707
876,0.04500000085681677,0.011000000350177288
877,0.04500000085681677,0.011500000357627868
878,0.04500000085681677,0.012000000365078449
879,0.04500000085681677,0.01250000037252903
880,0.04500000085681677,0.01300000037997961
881,0.04500000085681677,0.01350000038743019
882,0.04500000085681677,0.014000000394880772
883,0.04500000085681677,0.014500000402331353
884,0.04500000085681677,0.015000000409781934
885,0.04500000085681677,0.015500000417232514
886,-0.004999999888241291,0.015500000417232514
887,0.04500000085681677,0.016000000424683095
888,0.04500000085681677,0.016500000432133673
889,0.04500000085681677,0.017000000439584256
890,0.04500000085681677,0.017500000447034834
891,0.04500000085681677,0.018000000454485417
892,0.04500000085681677,0.018500000461935995
893,0.04500000085681677,0.019000000469386578
894,0.04500000085681677,0.019500000476837157
895,0.04500000085681677,0.02000000048428774
896,-0.004999999888241291,0.02000000048428774
897,0.04500000085681677,0.02050000049173832
898,-0.004999999888241291,0.02050000049173832
899,-0.004999999888241291,0.02050000049173832
900,0.04500000085681677,0.0210000004991889
901,0.04500000085681677,0.021500000506639482
902,-0.004999999888241291,0.021500000506639482
903,0.04500000085681677,0.02200000051409006
904,0.04500000085681677,0.022500000521540643
905,-0.004999999888241291,0.022500000521540643
906,-0.004999999888241291,0.022500000521540643
907,0.04500000085681677,0.023000000528991222
908,-0.004999999888241291,0.023000000528991222
909,0.04500000085681677,0.023500000536441804
910,0.04500000085681677,0.024000000543892383
911,0.04500000085681677,0.024500000551342965
912,0.04500000085681677,0.025000000558793544
913,-0.004999999888241291,0.025000000558793544
914,-0.004999999888241291,0.025000000558793544
915,-0.004999999888241291,0.025000000558793544
916,-0.004999999888241291,0.025000000558793544
917,-0.004999999888241291,0.025000000558793544
918,-0.004999999888241291,0.025000000558793544
919,-0.004999999888241291,0.025000000558793544
920,0.04500000085681677,0.025500000566244126
921,-0.004999999888241291,0.025500000566244126
922,-0.004999999888241291,0.025000000558793544
923,0.04500000085681677,0.025500000566244126
924,-0.004999999888241291,0.025000000558793544
925,0.04500000085681677,0.025000000558793544
926,-0.004999999888241291,0.024500000551342965
927,-0.004999999888241291,0.024500000551342965
928,-0.004999999888241291,0.024000000543892383
929,0.04500000085681677,0.024000000543892383
930,-0.004999999888241291,0.023500000536441804
931,0.04500000085681677,0.023500000536441804
932,-0.004999999888241291,0.023000000528991222
933,-0.004999999888241291,0.022500000521540643
934,-0.004999999888241291,0.02200000051409006
935,0.04500000085681677,0.022500000521540643
936,0.04500000085681677,0.023000000528991222
937,0.04500000085681677,0.023500000536441804
938,0.04500000085681677,0.023500000536441804
939,-0.004999999888241291,0.023000000528991222
940,0.04500000085681677,0.023000000528991222
941,-0.004999999888241291,0.023000000528991222
942,-0.004999999888241291,0.022500000521540643
943,-0.004999999888241291,0.02200000051409006
944,-0.004999999888241291,0.02200000051409006
945,0.04500000085681677,0.02200000051409006
946,0.04500000085681677,0.022500000521540643
947,-0.004999999888241291,0.022500000521540643
948,0.04500000085681677,0.023000000528991222
949,0.04500000085681677,0.023000000528991222
950,-0.004999999888241291,0.023000000528991222
951,-0.004999999888241291,0.023000000528991222
952,0.04500000085681677,0.023500000536441804
953,0.04500000085681677,0.024000000543892383
954,0.04500000085681677,0.024500000551342965
955,0.04500000085681677,0.025000000558793544
956,-0.004999999888241291,0.025000000558793544
957,0.04500000085681677,0.025500000566244126
958,0.04500000085681677,0.026000000573694705
959,-0.004999999888241291,0.025500000566244126
960,-0.004999999888241291,0.025500000566244126
961,0.04500000085681677,0.026000000573694705
962,-0.004999999888241291,0.025500000566244126
963,0.04500000085681677,0.026000000573694705
964,-0.004999999888241291,0.025500000566244126
965,0.04500000085681677,0.025500000566244126
966,-0.004999999888241291,0.025000000558793544
967,0.04500000085681677,0.025000000558793544
968,-0.004999999888241291,0.024500000551342965
969,0.04500000085681677,0.025000000558793544
970,0.04500000085681677,0.025000000558793544
971,0.04500000085681677,0.025000000558793544
972,-0.004999999888241291,0.024500000551342965
973,-0.004999999888241291,0.024000000543892383
974,0.04500000085681677,0.024000000543892383
975,0.04500000085681677,0.024000000543892383
976,-0.004999999888241291,0.023500000536441804
977,-0.004999999888241291,0.023000000528991222
978,-0.004999999888241291,0.022500000521540643
979,-0.004999999888241291,0.02200000051409006
980,-0.004999999888241291,0.021500000506639482
981,-0.004999999888241291,0.0210000004991889
982,-0.004999999888241291,0.02050000049173832
983,0.04500000085681677,0.02050000049173832
984,-0.004999999888241291,0.02000000048428774
985,-0.004999999888241291,0.019500000476837157
986,0.04500000085681677,0.02000000048428774
987,0.04500000085681677,0.02000000048428774
988,0.04500000085681677,0.02000000048428774
989,0.04500000085681677,0.02000000048428774
990,0.04500000085681677,0.02000000048428774
991,0.04500000085681677,0.02000000048428774
992,0.04500000085681677,0.02000000048428774
993,0.04500000085681677,0.02000000048428774
994,0.04500000085681677,0.02000000048428774
995,0.09500000160187483,0.02050000049173832
996,0.04500000085681677,0.0210000004991889
997,0.09500000160187483,0.021500000506639482
998,0.04500000085681677,0.02200000051409006
999,0.04500000085681677,0.022500000521540643
1000,0.09500000160187483,0.023000000528991222
1001,0.1450000023469329,0.024000000543892383
1002,0.04500000085681677,0.024500000551342965
1003,0.04500000085681677,0.024500000551342965
1004,0.04500000085681677,0.024500000551342965
1005,0.09500000160187483,0.025500000566244126
1006,0.04500000085681677,0.026000000573694705
1007,0.04500000085681677,0.026000000573694705
1008,0.04500000085681677,0.026500000581145287
1009,0.04500000085681677,0.026500000581145287
1010,0.09500000160187483,0.027000000588595866
1011,0.04500000085681677,0.027000000588595866
1012,0.04500000085681677,0.027000000588595866
1013,0.09500000160187483,0.028000000603497027
1014,0.04500000085681677,0.02850000061094761
1015,0.04500000085681677,0.02900000061839819
1016,0.1450000023469329,0.03050000064074993
1017,0.04500000085681677,0.03100000064820051
1018,0.04500000085681677,0.03150000065565109
1019,0.04500000085681677,0.03200000066310167
1020,0.04500000085681677,0.03200000066310167
1021,0.04500000085681677,0.032500000670552254
1022,0.04500000085681677,0.033000000678002836
1023,0.04500000085681677,0.033000000678002836
1024,0.04500000085681677,0.03350000068545342
1025,0.09500000160187483,0.034000000692903994
1026,0.04500000085681677,0.034500000700354576
1027,0.04500000085681677,0.03500000070780516
1028,0.09500000160187483,0.036000000722706316
1029,0.04500000085681677,0.036000000722706316
1030,0.04500000085681677,0.0365000007301569
1031,0.04500000085681677,0.0365000007301569
1032,0.04500000085681677,0.03700000073760748
1033,0.04500000085681677,0.03750000074505806
1034,0.04500000085681677,0.03800000075250864
1035,-0.004999999888241291,0.03750000074505806
1036,0.04500000085681677,0.03750000074505806
1037,0.04500000085681677,0.03750000074505806
1038,0.04500000085681677,0.03750000074505806
1039,0.04500000085681677,0.03800000075250864
1040,0.29500000458210707,0.04050000078976154
1041,0.04500000085681677,0.041000000797212124
1042,0.04500000085681677,0.04150000080466271
1043,0.04500000085681677,0.04200000081211328
1044,0.04500000085681677,0.042500000819563864
1045,0.04500000085681677,0.042500000819563864
1046,0.04500000085681677,0.042500000819563864
1047,0.04500000085681677,0.04300000082701445
1048,0.19500000309199095,0.044500000849366186
1049,0.04500000085681677,0.044500000849366186
1050,0.04500000085681677,0.04500000085681677
1051,0.04500000085681677,0.04550000086426735
1052,0.04500000085681677,0.04550000086426735
1053,0.04500000085681677,0.04550000086426735
1054,0.04500000085681677,0.04550000086426735
1055,0.04500000085681677,0.04550000086426735
1056,0.04500000085681677,0.04600000087171793
1057,0.04500000085681677,0.04600000087171793
1058,0.04500000085681677,0.04600000087171793
1059,0.04500000085681677,0.04650000087916851
1060,0.04500000085681677,0.04700000088661909
1061,0.04500000085681677,0.04700000088661909
1062,0.04500000085681677,0.04750000089406967
1063,0.04500000085681677,0.04750000089406967
1064,0.04500000085681677,0.048000000901520255
1065,0.04500000085681677,0.048000000901520255
1066,0.04500000085681677,0.04850000090897083
1067,0.04500000085681677,0.04850000090897083
1068,0.04500000085681677,0.04900000091642141
1069,0.04500000085681677,0.04900000091642141
1070,0.04500000085681677,0.04900000091642141
1071,0.04500000085681677,0.04900000091642141
1072,0.04500000085681677,0.049500000923871995
1073,0.04500000085681677,0.05000000093132258
1074,0.09500000160187483,0.05050000093877315
1075,0.04500000085681677,0.05050000093877315
1076,0.04500000085681677,0.051000000946223735
1077,0.04500000085681677,0.05150000095367432
1078,0.04500000085681677,0.0520000009611249
1079,0.04500000085681677,0.052500000968575475
1080,0.04500000085681677,0.05300000097602606
1081,0.04500000085681677,0.05350000098347664
1082,0.04500000085681677,0.05400000099092722
1083,0.04500000085681677,0.05400000099092722
1084,0.04500000085681677,0.0545000009983778
1085,0.09500000160187483,0.05550000101327896
1086,0.04500000085681677,0.05550000101327896
1087,0.04500000085681677,0.05550000101327896
1088,0.04500000085681677,0.05550000101327896
1089,0.04500000085681677,0.05550000101327896
1090,0.04500000085681677,0.05550000101327896
1091,0.04500000085681677,0.05550000101327896
1092,0.04500000085681677,0.05550000101327896
1093,0.04500000085681677,0.05550000101327896
1094,0.04500000085681677,0.05550000101327896
1095,0.04500000085681677,0.05500000100582838
1096,0.04500000085681677,0.05500000100582838
1097,0.04500000085681677,0.0545000009983778
1098,0.04500000085681677,0.0545000009983778
1099,0.04500000085681677,0.0545000009983778
1100,0.04500000085681677,0.05400000099092722
1101,0.04500000085681677,0.05300000097602606
1102,0.04500000085681677,0.05300000097602606
1103,0.04500000085681677,0.05300000097602606
1104,0.04500000085681677,0.05300000097602606
1105,0.04500000085681677,0.052500000968575475
1106,0.04500000085681677,0.052500000968575475
1107,0.04500000085681677,0.052500000968575475
1108,0.04500000085681677,0.052500000968575475
1109,0.04500000085681677,0.052500000968575475
1110,0.04500000085681677,0.0520000009611249
1111,0.04500000085681677,0.0520000009611249
1112,0.04500000085681677,0.0520000009611249
1113,0.04500000085681677,0.05150000095367432
1114,0.04500000085681677,0.05150000095367432
1115,0.04500000085681677,0.05150000095367432
1116,0.04500000085681677,0.05050000093877315
1117,0.04500000085681677,0.05050000093877315
1118,0.04500000085681677,0.05050000093877315
1119,0.04500000085681677,0.05050000093877315
1120,0.04500000085681677,0.05050000093877315
1121,0.04500000085681677,0.05050000093877315
1122,0.04500000085681677,0.05050000093877315
1123,0.04500000085681677,0.05050000093877315
1124,0.04500000085681677,0.05050000093877315
1125,0.04500000085681677,0.05000000093132258
1126,0.04500000085681677,0.05000000093132258
1127,0.04500000085681677,0.05000000093132258
1128,0.04500000085681677,0.049500000923871995
1129,0.04500000085681677,0.049500000923871995
1130,0.04500000085681677,0.049500000923871995
1131,0.04500000085681677,0.049500000923871995
1132,0.04500000085681677,0.049500000923871995
1133,0.04500000085681677,0.049500000923871995
1134,0.04500000085681677,0.049500000923871995
1135,0.04500000085681677,0.05000000093132258
1136,0.04500000085681677,0.05000000093132258
1137,0.04500000085681677,0.05000000093132258
1138,0.04500000085681677,0.05000000093132258
1139,0.04500000085681677,0.05000000093132258
1140,0.04500000085681677,0.04750000089406967
1141,0.04500000085681677,0.04750000089406967
1142,0.04500000085681677,0.04750000089406967
1143,0.04500000085681677,0.04750000089406967
1144,0.04500000085681677,0.04750000089406967
1145,0.04500000085681677,0.04750000089406967
1146,0.04500000085681677,0.04750000089406967
1147,0.04500000085681677,0.04750000089406967
1148,0.04500000085681677,0.04600000087171793
1149,0.04500000085681677,0.04600000087171793
1150,0.04500000085681677,0.04600000087171793
1151,0.04500000085681677,0.04600000087171793
1152,0.04500000085681677,0.04600000087171793
1153,0.04500000085681677,0.04600000087171793
1154,0.04500000085681677,0.04600000087171793
1155,0.04500000085681677,0.04600000087171793
1156,0.04500000085681677,0.04600000087171793
1157,0.04500000085681677,0.04600000087171793
1158,0.04500000085681677,0.04600000087171793
1159,0.04500000085681677,0.04600000087171793
1160,0.04500000085681677,0.04600000087171793
1161,0.04500000085681677,0.04600000087171793
1162,0.04500000085681677,0.04600000087171793
1163,0.04500000085681677,0.04600000087171793
1164,0.04500000085681677,0.04600000087171793
1165,0.04500000085681677,0.04600000087171793
1166,0.04500000085681677,0.04600000087171793
1167,0.04500000085681677,0.04600000087171793
1168,0.04500000085681677,0.04600000087171793
1169,0.04500000085681677,0.04600000087171793
1170,0.04500000085681677,0.04600000087171793
1171,0.04500000085681677,0.04600000087171793
1172,0.04500000085681677,0.04600000087171793
1173,0.04500000085681677,0.04600000087171793
1174,0.04500000085681677,0.04550000086426735
1175,0.04500000085681677,0.04550000086426735
1176,0.04500000085681677,0.04550000086426735
1177,0.04500000085681677,0.04550000086426735
1178,0.04500000085681677,0.04550000086426735
1179,0.04500000085681677,0.04550000086426735
1180,0.04500000085681677,0.04550000086426735
1181,0.1450000023469329,0.04650000087916851
1182,0.1450000023469329,0.04750000089406967
1183,0.04500000085681677,0.04750000089406967
1184,0.04500000085681677,0.04750000089406967
1185,0.04500000085681677,0.04700000088661909
1186,0.04500000085681677,0.04700000088661909
1187,0.04500000085681677,0.04700000088661909
1188,0.04500000085681677,0.04700000088661909
1189,0.04500000085681677,0.04700000088661909
1190,0.04500000085681677,0.04700000088661909
1191,0.04500000085681677,0.04700000088661909
1192,0.04500000085681677,0.04700000088661909
1193,0.04500000085681677,0.04700000088661909
1194,0.04500000085681677,0.04700000088661909
1195,0.04500000085681677,0.04700000088661909
1196,0.04500000085681677,0.04700000088661909
1197,0.04500000085681677,0.04700000088661909
1198,0.04500000085681677,0.04700000088661909
1199,0.04500000085681677,0.04700000088661909
1200,0.04500000085681677,0.04700000088661909
1201,0.04500000085681677,0.04700000088661909
1202,0.04500000085681677,0.04700000088661909
1203,0.04500000085681677,0.04700000088661909
1204,0.04500000085681677,0.04700000088661909
1205,0.04500000085681677,0.04700000088661909
1206,0.04500000085681677,0.04700000088661909
1207,0.04500000085681677,0.04700000088661909
1208,0.04500000085681677,0.04700000088661909
1209,0.04500000085681677,0.04700000088661909
1210,0.04500000085681677,0.04700000088661909
1211,0.04500000085681677,0.04700000088661909
1212,0.04500000085681677,0.04700000088661909
1213,0.04500000085681677,0.04700000088661909
1214,0.04500000085681677,0.04700000088661909
1215,0.04500000085681677,0.04700000088661909
1216,0.04500000085681677,0.04700000088661909
1217,0.04500000085681677,0.04700000088661909
1218,0.04500000085681677,0.04700000088661909
1219,0.04500000085681677,0.04700000088661909
1220,0.04500000085681677,0.04700000088661909
1221,0.04500000085681677,0.04700000088661909
1222,0.04500000085681677,0.04700000088661909
1223,0.04500000085681677,0.04700000088661909
1224,0.04500000085681677,0.04700000088661909
1225,0.04500000085681677,0.04700000088661909
1226,0.04500000085681677,0.04700000088661909
1227,0.04500000085681677,0.04700000088661909
1228,0.04500000085681677,0.04700000088661909
1229,0.04500000085681677,0.04700000088661909
1230,0.04500000085681677,0.04700000088661909
1231,0.04500000085681677,0.04700000088661909
1232,0.04500000085681677,0.04700000088661909
1233,0.04500000085681677,0.04700000088661909
1234,0.1450000023469329,0.048000000901520255
1235,0.04500000085681677,0.048000000901520255
1236,0.04500000085681677,0.048000000901520255
1237,0.04500000085681677,0.048000000901520255
1238,0.04500000085681677,0.048000000901520255
1239,0.04500000085681677,0.048000000901520255
1240,0.04500000085681677,0.048000000901520255
1241,0.04500000085681677,0.048000000901520255
1242,0.04500000085681677,0.048000000901520255
1243,0.04500000085681677,0.048000000901520255
1244,0.04500000085681677,0.048000000901520255
1245,0.04500000085681677,0.048000000901520255
1246,0.09500000160187483,0.04850000090897083
1247,0.04500000085681677,0.04850000090897083
1248,0.04500000085681677,0.04850000090897083
1249,0.04500000085681677,0.04850000090897083
1250,0.04500000085681677,0.04850000090897083
1251,0.04500000085681677,0.04850000090897083
1252,0.04500000085681677,0.04850000090897083
1253,0.04500000085681677,0.04850000090897083
1254,0.04500000085681677,0.04850000090897083
1255,0.04500000085681677,0.04850000090897083
1256,0.04500000085681677,0.04850000090897083
1257,0.04500000085681677,0.04850000090897083
1258,0.04500000085681677,0.04850000090897083
1259,0.04500000085681677,0.04850000090897083
1260,0.04500000085681677,0.04850000090897083
1261,0.04500000085681677,0.04850000090897083
1262,0.04500000085681677,0.04850000090897083
1263,0.04500000085681677,0.04850000090897083
1264,0.04500000085681677,0.04850000090897083
1265,0.04500000085681677,0.04850000090897083
1266,0.04500000085681677,0.04850000090897083
1267,0.04500000085681677,0.04850000090897083
1268,0.04500000085681677,0.04850000090897083
1269,0.04500000085681677,0.04850000090897083
1270,0.04500000085681677,0.04850000090897083
1271,0.04500000085681677,0.04850000090897083
1272,0.04500000085681677,0.04850000090897083
1273,0.04500000085681677,0.04850000090897083
1274,0.04500000085681677,0.04850000090897083
1275,0.04500000085681677,0.04850000090897083
1276,0.04500000085681677,0.04850000090897083
1277,0.04500000085681677,0.04850000090897083
1278,0.04500000085681677,0.04850000090897083
1279,0.04500000085681677,0.04850000090897083
1280,0.04500000085681677,0.04850000090897083
1281,0.04500000085681677,0.04750000089406967
1282,0.04500000085681677,0.04650000087916851
1283,0.04500000085681677,0.04650000087916851
1284,0.04500000085681677,0.04650000087916851
1285,0.04500000085681677,0.04650000087916851
1286,0.04500000085681677,0.04650000087916851
1287,0.04500000085681677,0.04650000087916851
1288,0.09500000160187483,0.04700000088661909
1289,0.1450000023469329,0.048000000901520255
1290,0.04500000085681677,0.048000000901520255
1291,0.04500000085681677,0.048000000901520255
1292,0.04500000085681677,0.048000000901520255
1293,0.04500000085681677,0.048000000901520255
1294,0.04500000085681677,0.048000000901520255
1295,0.04500000085681677,0.048000000901520255
1296,0.1450000023469329,0.04900000091642141
1297,0.1450000023469329,0.05000000093132258
1298,0.04500000085681677,0.05000000093132258
1299,0.04500000085681677,0.05000000093132258
1300,0.04500000085681677,0.05000000093132258
1301,0.04500000085681677,0.05000000093132258
1302,0.04500000085681677,0.05000000093132258
1303,0.3950000060722232,0.05350000098347664
1304,0.04500000085681677,0.05350000098347664
1305,0.04500000085681677,0.05350000098347664
1306,0.04500000085681677,0.05350000098347664
1307,0.04500000085681677,0.05350000098347664
1308,0.04500000085681677,0.05350000098347664
1309,0.04500000085681677,0.05350000098347664
1310,0.1450000023469329,0.0545000009983778
1311,0.04500000085681677,0.0545000009983778
1312,0.04500000085681677,0.0545000009983778
1313,0.04500000085681677,0.0545000009983778
1314,0.04500000085681677,0.0545000009983778
1315,0.09500000160187483,0.05500000100582838
1316,0.04500000085681677,0.05500000100582838
1317,0.04500000085681677,0.05500000100582838
1318,0.04500000085681677,0.05500000100582838
1319,0.04500000085681677,0.05500000100582838
1320,0.04500000085681677,0.05500000100582838
1321,0.04500000085681677,0.05500000100582838
1322,0.04500000085681677,0.05500000100582838
1323,0.04500000085681677,0.05500000100582838
1324,0.04500000085681677,0.05500000100582838
1325,0.04500000085681677,0.05500000100582838
1326,0.04500000085681677,0.05500000100582838
1327,0.04500000085681677,0.05500000100582838
1328,0.04500000085681677,0.05500000100582838
1329,0.04500000085681677,0.05500000100582838
1330,0.1450000023469329,0.056000001020729544
1331,0.04500000085681677,0.056000001020729544
1332,0.04500000085681677,0.056000001020729544
1333,0.04500000085681677,0.056000001020729544
1334,0.04500000085681677,0.05500000100582838
1335,0.04500000085681677,0.05500000100582838
1336,0.04500000085681677,0.05500000100582838
1337,0.04500000085681677,0.05500000100582838
1338,0.04500000085681677,0.05500000100582838
1339,0.04500000085681677,0.05500000100582838
1340,0.1450000023469329,0.056000001020729544
1341,0.1450000023469329,0.0570000010356307
1342,0.04500000085681677,0.0570000010356307
1343,0.1450000023469329,0.058000001050531866
1344,0.04500000085681677,0.058000001050531866
1345,-0.004999999888241291,0.057500001043081284
1346,0.04500000085681677,0.0570000010356307
1347,0.04500000085681677,0.0570000010356307
1348,-0.004999999888241291,0.05650000102818012
1349,0.04500000085681677,0.05650000102818012
1350,-0.004999999888241291,0.056000001020729544
1351,0.1450000023469329,0.0570000010356307
1352,-0.004999999888241291,0.05650000102818012
1353,0.04500000085681677,0.05650000102818012
1354,0.04500000085681677,0.05650000102818012
1355,0.04500000085681677,0.05650000102818012
1356,0.04500000085681677,0.05650000102818012
1357,0.04500000085681677,0.05650000102818012
1358,0.04500000085681677,0.05650000102818012
1359,0.04500000085681677,0.05650000102818012
1360,0.04500000085681677,0.05650000102818012
1361,0.04500000085681677,0.05650000102818012
1362,0.04500000085681677,0.05650000102818012
1363,0.04500000085681677,0.05650000102818012
1364,0.04500000085681677,0.05650000102818012
1365,0.04500000085681677,0.05650000102818012
1366,0.04500000085681677,0.05650000102818012
1367,-0.004999999888241291,0.056000001020729544
1368,0.04500000085681677,0.056000001020729544
1369,0.04500000085681677,0.056000001020729544
1370,0.04500000085681677,0.056000001020729544
1371,0.04500000085681677,0.056000001020729544
1372,0.04500000085681677,0.056000001020729544
1373,0.04500000085681677,0.056000001020729544
1374,0.04500000085681677,0.056000001020729544
1375,0.09500000160187483,0.05650000102818012
1376,0.1450000023469329,0.057500001043081284
1377,0.04500000085681677,0.057500001043081284
1378,0.04500000085681677,0.057500001043081284
1379,0.04500000085681677,0.057500001043081284
1380,0.04500000085681677,0.057500001043081284
1381,0.1450000023469329,0.05850000105798245
1382,0.04500000085681677,0.05850000105798245
1383,0.04500000085681677,0.05850000105798245
1384,0.09500000160187483,0.05900000106543302
1385,0.04500000085681677,0.05900000106543302
1386,0.04500000085681677,0.05900000106543302
1387,0.04500000085681677,0.05900000106543302
1388,0.1450000023469329,0.059500001072883606
1389,0.04500000085681677,0.05850000105798245
1390,0.1450000023469329,0.059500001072883606
1391,0.04500000085681677,0.059500001072883606
1392,0.1450000023469329,0.06050000108778477
1393,0.1450000023469329,0.06150000110268593
1394,0.04500000085681677,0.06150000110268593
1395,0.04500000085681677,0.06150000110268593
1396,0.1450000023469329,0.06150000110268593
1397,0.04500000085681677,0.06050000108778477
1398,0.04500000085681677,0.06050000108778477
1399,0.04500000085681677,0.06050000108778477
1400,0.1450000023469329,0.06150000110268593
1401,0.04500000085681677,0.06150000110268593
1402,0.04500000085681677,0.06150000110268593
1403,-0.004999999888241291,0.057500001043081284
1404,0.04500000085681677,0.057500001043081284
1405,0.04500000085681677,0.057500001043081284
1406,0.04500000085681677,0.057500001043081284
1407,0.04500000085681677,0.057500001043081284
1408,0.04500000085681677,0.057500001043081284
1409,0.09500000160187483,0.058000001050531866
1410,0.04500000085681677,0.0570000010356307
1411,0.04500000085681677,0.0570000010356307
1412,0.04500000085681677,0.0570000010356307
1413,0.04500000085681677,0.0570000010356307
1414,0.04500000085681677,0.0570000010356307
1415,0.04500000085681677,0.05650000102818012
1416,0.04500000085681677,0.05650000102818012
1417,0.04500000085681677,0.05650000102818012
1418,0.04500000085681677,0.05650000102818012
1419,0.04500000085681677,0.05650000102818012
1420,0.04500000085681677,0.05650000102818012
1421,0.04500000085681677,0.05650000102818012
1422,0.04500000085681677,0.05650000102818012
1423,0.04500000085681677,0.05650000102818012
1424,0.04500000085681677,0.05650000102818012
1425,0.04500000085681677,0.05650000102818012
1426,0.04500000085681677,0.05650000102818012
1427,0.04500000085681677,0.05650000102818012
1428,0.04500000085681677,0.05650000102818012
1429,0.04500000085681677,0.05650000102818012
1430,0.04500000085681677,0.05550000101327896
1431,0.04500000085681677,0.05550000101327896
1432,-0.004999999888241291,0.05500000100582838
1433,0.04500000085681677,0.05500000100582838
1434,0.04500000085681677,0.05500000100582838
1435,0.04500000085681677,0.05500000100582838
1436,0.04500000085681677,0.05500000100582838
1437,0.04500000085681677,0.05500000100582838
1438,-0.004999999888241291,0.0545000009983778
1439,0.04500000085681677,0.0545000009983778
1440,0.04500000085681677,0.05350000098347664
1441,0.04500000085681677,0.052500000968575475
1442,0.04500000085681677,0.052500000968575475
1443,0.04500000085681677,0.05150000095367432
1444,0.04500000085681677,0.05150000095367432
1445,0.04500000085681677,0.0520000009611249
1446,0.04500000085681677,0.0520000009611249
1447,0.04500000085681677,0.0520000009611249
1448,-0.004999999888241291,0.0520000009611249
1449,0.04500000085681677,0.0520000009611249
1450,0.04500000085681677,0.052500000968575475
1451,-0.004999999888241291,0.051000000946223735
1452,-0.004999999888241291,0.051000000946223735
1453,0.04500000085681677,0.051000000946223735
1454,0.04500000085681677,0.051000000946223735
1455,0.04500000085681677,0.051000000946223735
1456,0.04500000085681677,0.051000000946223735
1457,0.04500000085681677,0.051000000946223735
1458,0.04500000085681677,0.051000000946223735
1459,0.04500000085681677,0.051000000946223735
1460,0.04500000085681677,0.051000000946223735
1461,-0.004999999888241291,0.05050000093877315
1462,0.04500000085681677,0.05050000093877315
1463,-0.004999999888241291,0.05000000093132258
1464,0.04500000085681677,0.05000000093132258
1465,0.04500000085681677,0.05000000093132258
1466,0.04500000085681677,0.05000000093132258
1467,-0.004999999888241291,0.05000000093132258
1468,0.04500000085681677,0.05000000093132258
1469,0.04500000085681677,0.05000000093132258
1470,0.04500000085681677,0.05000000093132258
1471,0.09500000160187483,0.05050000093877315
1472,0.04500000085681677,0.05050000093877315
1473,0.04500000085681677,0.05050000093877315
1474,0.09500000160187483,0.051000000946223735
1475,0.04500000085681677,0.05050000093877315
1476,0.04500000085681677,0.049500000923871995
1477,0.04500000085681677,0.049500000923871995
1478,0.04500000085681677,0.049500000923871995
1479,0.04500000085681677,0.049500000923871995
1480,0.04500000085681677,0.049500000923871995
1481,0.04500000085681677,0.04850000090897083
1482,0.09500000160187483,0.04900000091642141
1483,0.1450000023469329,0.05000000093132258
1484,0.04500000085681677,0.049500000923871995
1485,0.04500000085681677,0.049500000923871995
1486,0.04500000085681677,0.049500000923871995
1487,0.04500000085681677,0.049500000923871995
1488,0.04500000085681677,0.04850000090897083
1489,0.04500000085681677,0.04850000090897083
1490,0.04500000085681677,0.04750000089406967
1491,0.04500000085681677,0.04750000089406967
1492,0.04500000085681677,0.04650000087916851
1493,0.04500000085681677,0.04550000086426735
1494,0.04500000085681677,0.04550000086426735
1495,0.04500000085681677,0.04550000086426735
1496,0.04500000085681677,0.044500000849366186
1497,0.04500000085681677,0.044500000849366186
1498,0.04500000085681677,0.044500000849366186
1499,0.04500000085681677,0.044500000849366186
1500,0.04500000085681677,0.04350000083446503
1501,0.04500000085681677,0.04350000083446503
1502,0.04500000085681677,0.04350000083446503
1503,0.04500000085681677,0.044000000841915604
1504,0.04500000085681677,0.044000000841915604
1505,0.04500000085681677,0.044000000841915604
1506,0.1450000023469329,0.04500000085681677
1507,0.04500000085681677,0.04500000085681677
1508,0.19500000309199095,0.04650000087916851
1509,0.04500000085681677,0.04600000087171793
1510,0.04500000085681677,0.04600000087171793
1511,0.04500000085681677,0.04600000087171793
1512,0.04500000085681677,0.04600000087171793
1513,0.04500000085681677,0.04600000087171793
1514,0.04500000085681677,0.04600000087171793
1515,0.04500000085681677,0.04600000087171793
1516,0.04500000085681677,0.04600000087171793
1517,0.04500000085681677,0.04600000087171793
1518,0.04500000085681677,0.04600000087171793
1519,0.04500000085681677,0.04600000087171793
1520,0.04500000085681677,0.04600000087171793
1521,0.04500000085681677,0.04600000087171793
1522,0.04500000085681677,0.04600000087171793
1523,0.04500000085681677,0.04600000087171793
1524,0.04500000085681677,0.04600000087171793
1525,0.04500000085681677,0.04600000087171793
1526,0.04500000085681677,0.04600000087171793
1527,0.04500000085681677,0.04600000087171793
1528,0.04500000085681677,0.04600000087171793
1529,0.04500000085681677,0.04600000087171793
1530,0.04500000085681677,0.04600000087171793
1531,0.04500000085681677,0.04600000087171793
1532,0.04500000085681677,0.04650000087916851
1533,0.04500000085681677,0.04650000087916851
1534,0.04500000085681677,0.04650000087916851
1535,0.04500000085681677,0.04650000087916851
1536,0.04500000085681677,0.04650000087916851
1537,0.04500000085681677,0.04650000087916851
1538,0.1450000023469329,0.048000000901520255
1539,0.04500000085681677,0.048000000901520255
1540,0.09500000160187483,0.04850000090897083
1541,0.04500000085681677,0.04850000090897083
1542,0.19500000309199095,0.05000000093132258
1543,0.04500000085681677,0.05000000093132258
1544,0.04500000085681677,0.05000000093132258
1545,0.09500000160187483,0.05050000093877315
1546,0.04500000085681677,0.05050000093877315
1547,0.04500000085681677,0.05050000093877315
1548,0.09500000160187483,0.05150000095367432
1549,0.04500000085681677,0.05150000095367432
1550,0.04500000085681677,0.05150000095367432
1551,0.04500000085681677,0.0520000009611249
1552,-0.004999999888241291,0.0520000009611249
1553,0.09500000160187483,0.052500000968575475
1554,0.09500000160187483,0.05300000097602606
1555,0.04500000085681677,0.05300000097602606
1556,0.04500000085681677,0.05300000097602606
1557,0.04500000085681677,0.05300000097602606
1558,-0.004999999888241291,0.052500000968575475
1559,-0.004999999888241291,0.0520000009611249
1560,0.09500000160187483,0.052500000968575475
1561,0.09500000160187483,0.05350000098347664
1562,0.19500000309199095,0.05500000100582838
1563,0.04500000085681677,0.05550000101327896
1564,0.7400000113993883,0.062450001118704676
1565,0.5950000090524554,0.06795000120066107
1566,0.04500000085681677,0.06795000120066107
1567,0.29500000458210707,0.07095000124536455
1568,0.9950000150129199,0.08045000138692558
1569,0.19500000309199095,0.08195000140927731
1570,0.29500000458210707,0.08445000144653023
1571,0.04500000085681677,0.08395000143907964
1572,0.19500000309199095,0.08545000146143139
1573,0.5450000083073974,0.09045000153593719
1574,0.19500000309199095,0.09145000155083835
1575,0.09500000160187483,0.09195000155828893
1576,0.1450000023469329,0.0929500015731901
1577,0.04500000085681677,0.0929500015731901
1578,0.04500000085681677,0.0929500015731901
1579,0.1450000023469329,0.09395000158809125
1580,0.29500000458210707,0.09645000162534416
1581,0.04500000085681677,0.09645000162534416
1582,0.3950000060722232,0.09945000167004764
1583,0.04500000085681677,0.09845000165514647
1584,0.04500000085681677,0.09845000165514647
1585,0.1450000023469329,0.09945000167004764
1586,0.04500000085681677,0.09945000167004764
1587,0.04500000085681677,0.09945000167004764
1588,0.1450000023469329,0.1004500016849488
1589,0.29500000458210707,0.1029500017222017
1590,0.04500000085681677,0.1029500017222017
1591,0.09500000160187483,0.10345000172965228
1592,0.04500000085681677,0.10345000172965228
1593,0.1450000023469329,0.10445000174455345
1594,0.04500000085681677,0.10445000174455345
1595,0.04500000085681677,0.10445000174455345
1596,0.19500000309199095,0.1059500017669052
1597,0.04500000085681677,0.1059500017669052
1598,0.04500000085681677,0.1059500017669052
1599,0.09500000160187483,0.10645000177435576
1600,0.04500000085681677,0.10645000177435576
1601,0.04500000085681677,0.10645000177435576
1602,0.04500000085681677,0.10645000177435576
1603,0.3450000053271651,0.10945000181905926
1604,0.04500000085681677,0.10945000181905926
1605,0.245000003837049,0.11145000184886157
1606,0.09500000160187483,0.11095000184141099
1607,0.04500000085681677,0.11095000184141099
1608,0.19500000309199095,0.11095000184141099
1609,2.600000038743019,0.13650000222027303
1610,2.650000039488077,0.16255000260658561
1611,-0.004999999888241291,0.16205000259913505
1612,0.04500000085681677,0.16205000259913505
1613,2.600000038743019,0.18760000297799706
1614,1.6450000246986747,0.20360000321641564
1615,0.04500000085681677,0.20360000321641564
1616,0.04500000085681677,0.20360000321641564
1617,0.0950000025331974,0.20410000323317945
1618,0.6450000097975135,0.2101000033225864
1619,0.1450000023469329,0.21110000333748757
1620,0.04500000085681677,0.21110000333748757
1621,0.29500000458210707,0.21360000337474047
1622,0.1450000023469329,0.21460000338964164
1623,1.2950000194832683,0.22710000357590615
1624,2.550000037997961,0.2521500039473176
1625,2.650000039488077,0.2782000043336302
1626,1.5950000239536166,0.2937000045645982
1627,0.04500000085681677,0.2937000045645982
1628,0.04500000085681677,0.2937000045645982
1629,0.0950000025331974,0.29420000458136203
1630,0.04500000085681677,0.29420000458136203
1631,-0.004999999888241291,0.29370000457391143
1632,-0.004999999888241291,0.29320000456646084
1633,0.04500000085681677,0.29320000456646084
1634,0.3450000053271651,0.29620000461116436
1635,0.04500000085681677,0.29620000461116436
1636,-0.004999999888241291,0.29570000460371376
1637,-0.004999999888241291,0.29520000459626317
1638,-0.004999999888241291,0.29370000457391143
1639,-0.004999999888241291,0.29320000456646084
1640,0.19500000309199095,0.29420000458136203
1641,0.04500000085681677,0.29420000458136203
1642,0.1450000023469329,0.29370000457391143
1643,0.1450000023469329,0.29470000458881257
1644,0.29500000458210707,0.2972000046260655
1645,-0.004999999888241291,0.29620000461116436
1646,1.6950000254437327,0.3127000048570335
1647,-0.004999999888241291,0.31220000484958293
1648,0.04500000085681677,0.31170000484213234
1649,0.04500000085681677,0.31170000484213234
1650,0.3950000060722232,0.3152000048942864
1651,-0.004999999888241291,0.3147000048868358
1652,0.04500000085681677,0.3152000048942864
1653,1.095000016503036,0.325200005043298
1654,-0.004999999888241291,0.32420000502839685
1655,-0.004999999888241291,0.32370000502094626
1656,0.09500000160187483,0.32420000502839685
1657,0.3950000060722232,0.3277000050805509
1658,0.04500000085681677,0.3282000050880015
1659,0.5950000090524554,0.33420000517740844
1660,0.04500000085681677,0.3337000051699579
1661,-0.004999999888241291,0.3327000051550567
1662,0.04500000085681677,0.331200005132705
1663,1.095000016503036,0.34170000528916716
1664,-0.004999999888241291,0.3342500051762909
1665,-0.004999999888241291,0.3282500050868839
1666,-0.004999999888241291,0.3277500050794333
1667,0.04500000085681677,0.32525000504218043
1668,0.6950000105425715,0.3222500049974769
1669,0.09500000160187483,0.3212500049825758
1670,-0.004999999888241291,0.3182500049378723
1671,0.4950000075623393,0.3227500050049275
1672,0.19500000309199095,0.3227500050049275
1673,0.7950000129640102,0.32525000505149365
1674,0.6450000097975135,0.32975000511854885
1675,0.44500000681728125,0.3332500051707029
1676,0.09500000160187483,0.33275000516325237
1677,0.6450000097975135,0.3387500052526593
1678,0.1450000023469329,0.3397500052675605
1679,0.9950000150129199,0.34825000539422035
1680,0.29500000458210707,0.34825000539422035
1681,0.7950000120326877,0.35575000550597907
1682,0.04500000085681677,0.352250005453825
1683,0.0950000025331974,0.3527500054705888
1684,0.1450000023469329,0.35375000548548996
1685,1.345000021159649,0.36575000567361715
1686,0.04500000085681677,0.36575000567361715
1687,0.5950000090524554,0.3712500057555735
1688,0.5950000090524554,0.37575000582262874
1689,0.3450000053271651,0.37625000583007934
1690,0.44500000681728125,0.38025000588968394
1691,0.19500000402331352,0.38125000591389835
1692,0.09500000160187483,0.38175000592134894
1693,0.4950000075623393,0.385250005973503
1694,0.4950000075623393,0.3897500060405582
1695,0.1450000023469329,0.3907500060554594
1696,0.19500000309199095,0.3907500060554594
1697,0.44500000681728125,0.394750006115064
1698,0.04500000085681677,0.394750006115064
1699,0.19500000309199095,0.3957500061299652
1700,0.0950000025331974,0.396250006146729
1701,0.245000003837049,0.39825000617653133
1702,0.5450000083073974,0.40325000625103713
1703,0.19500000309199095,0.4017500062286854
1704,0.04500000085681677,0.4017500062286854
1705,0.1450000023469329,0.4007500062137842
1706,0.5450000083073974,0.40525000628083946
1707,0.09500000160187483,0.40575000628829
1708,0.1450000023469329,0.40525000628083946
1709,0.19500000309199095,0.3812000059243292
1710,1.2450000196695328,0.3671500057261437
1711,0.19500000309199095,0.36915000575594603
1712,0.09500000160187483,0.3696500057633966
1713,1.145000017248094,0.3551000055484474
1714,0.04500000085681677,0.3391000053100288
1715,0.4950000075623393,0.343600005377084
1716,0.04500000085681677,0.343600005377084
1717,0.6400000099092722,0.34905000545084475
1718,0.3950000060722232,0.3465500054135919
1719,0.29500000458210707,0.3480500054359436
1720,0.3950000060722232,0.35155000548809767
1721,1.045000015757978,0.3590500055998564
1722,0.09500000160187483,0.3585500055924058
1723,0.0950000025331974,0.3465500054229051
1724,0.3450000053271651,0.32450000509619714
1725,0.09500000160187483,0.2989500047173351
1726,0.19500000309199095,0.2849500045087188
1727,0.29500000458210707,0.28745000454597175
1728,0.6450000107288361,0.29345000464469195
1729,0.09500000160187483,0.29345000463537874
1730,0.09500000160187483,0.2939500046428293
1731,0.39500000700354576,0.29795000471174715
1732,0.1450000023469329,0.2994500047340989
1733,0.1450000023469329,0.3004500047490001
1734,0.09500000160187483,0.29795000471174715
1735,0.5950000090524554,0.30345000479370354
1736,0.44500000681728125,0.3079500048607588
1737,0.5450000092387199,0.3134500049520284
1738,0.245000003837049,0.3159500049892813
1739,0.09500000160187483,0.31695000500418247
1740,0.245000003837049,0.31745000501163306
1741,0.5450000083073974,0.32245000508613886
1742,0.04500000085681677,0.32145000507123767
1743,0.04500000085681677,0.32045000505633653
1744,0.04500000085681677,0.3179500050190836
1745,0.04500000085681677,0.3184500050265342
1746,0.1450000023469329,0.3029500047955662
1747,0.04500000085681677,0.30345000480301676
1748,0.04500000085681677,0.30345000480301676
1749,0.04500000085681677,0.30345000480301676
1750,0.04500000085681677,0.2999500047508627
1751,0.04500000085681677,0.3004500047583133
1752,0.04500000085681677,0.3004500047583133
1753,0.09500000160187483,0.2904500046093017
1754,0.44500000681728125,0.2949500046763569
1755,1.6450000246986747,0.3114500049222261
1756,0.09500000160187483,0.3114500049222261
1757,0.09500000160187483,0.3084500048775226
1758,0.09500000160187483,0.30895000488497315
1759,0.5950000090524554,0.30895000488497315
1760,2.600000038743019,0.33450000526383517
1761,2.600000038743019,0.3605500056501478
1762,2.650000039488077,0.3866000060364604
1763,2.600000038743019,0.4016500062588602
1764,2.600000038743019,0.4277000066451728
1765,0.04500000085681677,0.4282000066526234
1766,0.04500000085681677,0.428700006660074
1767,0.04500000085681677,0.428700006660074
1768,2.550000037997961,0.4472500069346279
1769,1.1950000179931521,0.4582500070985407
1770,0.09500000160187483,0.4592500071134418
1771,0.09500000160187483,0.45525000705383717
1772,0.09500000160187483,0.45425000703893603
1773,0.09500000160187483,0.4472500069253147
1774,0.09500000160187483,0.4417500068433583
1775,0.09500000160187483,0.43825000679120424
1776,0.09500000160187483,0.43825000679120424
1777,0.09500000160187483,0.43275000670924785
1778,0.09500000160187483,0.43225000670179725
1779,0.19500000309199095,0.42425000658258794
1780,0.3450000053271651,0.42475000659003853
1781,0.19500000309199095,0.41875000650063154
1782,0.1450000023469329,0.41975000651553274
1783,0.09500000160187483,0.4197500065062195
1784,0.19500000309199095,0.42025000651367006
1785,0.245000003837049,0.40925000634044406
1786,0.3450000053271651,0.4122500063851476
1787,0.1450000023469329,0.40775000631809233
1788,2.550000037997961,0.4273000066075474
1789,2.550000037997961,0.44935000693425536
1790,0.04500000085681677,0.4453500068746507
1791,0.245000003837049,0.4458500068727881
1792,2.550000037997961,0.4704000072367489
1793,2.2450000336393714,0.4879000074975193
1794,2.550000037997961,0.5084500078018754
1795,0.09500000160187483,0.5079500077944249
1796,2.550000037997961,0.5315000081434846
1797,2.600000038743019,0.553050008462742
1798,-0.004999999888241291,0.5525500084552913
1799,2.550000037997961,0.5761000088043511
1800,0.09500000160187483,0.5761000087950379
1801,2.550000037997961,0.599150009136647
1802,0.245000003837049,0.5961500090919435
1803,2.550000037997961,0.6197000094410032
